{"cameraMode":{"drawMode":0,"name":"Shaded","section":"Shading Mode"},"sceneLighting":false,"audioPlay":false,"sceneViewState":{"m_AlwaysRefresh":false,"showFog":true,"showSkybox":false,"showFlares":true,"showImageEffects":true,"showParticleSystems":true,"showVisualEffectGraphs":true,"m_FxEnabled":true},"in2DMode":false,"pivot":{"x":0.0182926207780838,"y":-0.8252484798431397,"z":2.2346372604370119},"rotation":{"x":-0.3706235885620117,"y":-0.09122780710458756,"z":0.03659111633896828,"w":-0.9236009120941162},"size":2.4909417629241945,"orthographic":false}