{"cameraMode":{"drawMode":0,"name":"Shaded","section":"Shading Mode"},"sceneLighting":false,"audioPlay":false,"sceneViewState":{"m_AlwaysRefresh":false,"showFog":true,"showSkybox":false,"showFlares":true,"showImageEffects":true,"showParticleSystems":true,"showVisualEffectGraphs":true,"m_FxEnabled":true},"in2DMode":false,"pivot":{"x":2.212395191192627,"y":-0.13077038526535035,"z":-0.043812960386276248},"rotation":{"x":0.03975243121385574,"y":0.7005140781402588,"z":-0.039131633937358859,"w":0.7114666104316711},"size":1.834702491760254,"orthographic":false}